state,expected_exit,expected_length,exit,length,iret,status,moves
25314672313211,0,1,0,1,949,ok,R'
54321671111111,0,1,0,1,818,ok,R2
41352672313211,0,1,0,1,696,ok,R
12356741112323,0,1,0,1,1006,ok,B'
12367451111111,0,1,0,1,875,ok,B2
12374561112323,0,1,0,1,753,ok,B
13642571111111,0,1,0,1,1050,ok,D'
16543271111111,0,1,0,1,928,ok,D2
15246371111111,0,1,0,1,801,ok,D
12345671111111,0,0,0,0,485,ok,
62345713133111,0,8,0,8,41152,ok,R2 D B2 R' D R' D B'
24316572122213,0,8,0,8,56782,ok,R' D' R2 B D' B2 D' R2
25713642221111,0,8,0,8,24847,ok,R B2 R' D2 B R B2 R'
24513763133333,0,9,0,9,463849,ok,B' R2 B' R B2 D' R' D2 R'
43752611332133,0,9,0,9,164693,ok,R D2 R2 D R D2 B D' R2
25416373331111,0,10,0,10,1692121,ok,R2 D R B2 R D' R D R' B2
21345671111111,0,11,0,11,6328029,ok,R B' D2 R' B R' B' R D2 R B
41756322321131,0,8,0,8,76665,ok,R' D2 R D B2 D R2 D2
71532462211331,0,8,0,8,120724,ok,B2 D' R2 D' B R2 D2 B
61345722331223,0,8,0,8,132887,ok,D B D' B' D R' D2 R
31746523122323,0,10,0,10,1253194,ok,R B' D R' D R' B2 R B2 R'
61743252221213,0,7,0,7,6893,ok,R2 B' R2 D B D2 B'
54721632212333,0,10,0,10,1516614,ok,R' B R D' B R B R2 B D'
61543273232123,0,8,0,8,86952,ok,D' B' D2 R D R B' R
13572463231112,0,10,0,10,2048425,ok,R2 D' R B2 R' D2 B D B R2
41637252113123,0,9,0,9,334167,ok,R' D R2 D' B D2 R' D B
56713423323323,0,8,0,8,55971,ok,R' B D B2 D2 R' B' R
17635241111132,0,9,0,9,104520,ok,R B2 R2 D2 B D' B' D R
57142363323332,0,9,0,9,503508,ok,D R D2 B2 R B' R2 D' B2
52136473323122,0,10,0,10,833414,ok,R D R2 D R' B' R B' R2 B'
42315762131123,0,8,0,8,86305,ok,B2 R D' R' B2 D2 R D2
14357621212331,0,9,0,9,476437,ok,B R' D2 B2 D R' D B2 D2
62431752121322,0,6,0,6,2530,ok,B R B D R' B
23517461113232,0,6,0,6,8680,ok,R2 D2 B2 R' D B2
72613542311132,0,6,0,6,9349,ok,B2 R' D B2 D2 R2
52413761231132,0,8,0,8,164864,ok,D B' D2 R' B R2 D R
73561422123233,0,7,0,7,7020,ok,R D B' R' D' B R'
13672543311113,0,7,0,7,16851,ok,B' R2 B' R B D' R
53627142121313,0,8,0,8,51847,ok,B R2 D R2 B' D' R2 B2
62345171132132,0,9,0,9,98760,ok,R B' R2 D B' R' D' B2 D'
73624152222212,0,9,0,9,171101,ok,R B D R2 B' R D B' R'
12546371133233,0,10,0,10,1539003,ok,R2 D' B' D B2 R' D' B2 R2 D'
65314722211232,0,7,0,7,23248,ok,D' R2 D R B2 R B'
65734123121132,0,8,0,8,68639,ok,R' D2 B2 R D' B2 D B'
54627312231332,0,9,0,9,394407,ok,B D' B R2 B2 R' B D2 R'
75314623211213,0,9,0,9,257358,ok,B R B' R2 B D R2 B2 D
41673251311331,0,7,0,7,39218,ok,D' R2 D B' R B' D'
73641253333313,0,9,0,9,502324,ok,B' R D' B D R D' R D2
15723643322321,0,8,0,8,43408,ok,R' B2 D B' D2 R B' D'
23615472113321,0,2,0,2,1504,ok,D' R'
54721631111111,0,11,0,11,17298644,ok,B2 R' B R' D' B R2 B R B D'
1234567111111,2,,2,,154,ok,
02345671111111,2,,2,,21,ok,
82345671111111,2,,2,,21,ok,
12345671111110,2,,2,,154,ok,
12345671111114,2,,2,,154,ok,
1234567111111a,2,,2,,154,ok,
11345671111111,2,,2,,34,ok,
12345671111112,2,,2,,162,ok,
abc,2,,2,,21,ok,
12345671211111,2,,2,,162,ok,
